model,test_score
lr,0.840689831374553
xg,0.8472406745017884
lgbm,0.8478283086356668
rf,0.8593101686254471
cat,0.8516198262646909
Keras,0.823530914665304
