model,test_score
lr,0.8407102708226877
xg,0.8472406745017884
lgbm,0.8478283086356668
rf,0.8593101686254471
cat,0.8516198262646909
Keras,0.8191670924885028
